round,seed_pos,seed_neg,score_pos,score_neg,mean,,skill_use_threshold,skill_expected_future_score,skill_uncertainty_discount,skill_think_interval,skill_late_game_bonus,skill_losing_bonus,skill_leading_penalty,skill_element_counter_bonus,skill_element_counter_penalty,skill_energy_min
1,1,2,32.815,71.915,52.365,,5.000,60.000,0.200,0.300,2.500,2.000,1.000,2.000,0.400,20.000
2,2,3,73.18,75.05000000000001,74.11500000000001,,5.000,60.000,0.900,0.300,1.000,2.000,0.300,2.000,0.400,17.004
3,3,4,74.025,70.81,72.4175,,5.000,60.000,0.200,1.000,2.500,1.000,0.300,2.000,0.400,11.891
4,4,5,36.59,74.21000000000001,55.400000000000006,,5.000,60.000,0.900,0.300,1.000,1.000,1.000,2.000,0.400,5.000
5,5,6,58.905,58.905,58.905,,5.000,60.000,0.900,0.300,1.000,1.000,1.000,2.000,0.400,5.000
6,6,7,63.415000000000006,65.11,64.2625,,7.551,57.449,0.200,1.000,1.000,2.000,1.000,1.000,1.000,7.551
7,7,8,39.765,75.7,57.7325,,5.000,60.000,0.900,1.000,1.000,2.000,1.000,1.000,1.000,5.000
8,8,1,0.0,57.53,28.765,,5.000,10.000,0.200,0.300,1.000,2.000,1.000,1.000,0.400,5.000
9,1,2,67.995,77.31,72.6525,,5.000,23.172,0.900,1.000,1.000,2.000,0.300,2.000,0.400,5.000
10,2,3,62.91,73.025,67.9675,,5.000,37.189,0.200,1.000,1.000,2.000,0.300,2.000,1.000,5.000
11,3,4,71.41,69.725,70.5675,,5.000,34.900,0.200,0.300,1.000,2.000,1.000,1.000,1.000,5.000
12,4,5,69.595,79.795,74.695,,18.595,21.305,0.900,0.300,2.500,1.000,0.300,2.000,1.000,5.000
13,5,6,59.97,66.25999999999999,63.114999999999995,,25.000,29.534,0.200,1.000,1.000,2.000,1.000,1.000,1.000,13.228
14,6,7,32.545,37.685,35.115,,18.397,22.930,0.900,1.000,2.500,1.000,1.000,2.000,1.000,19.831
15,7,8,62.809999999999995,58.025,60.4175,,12.357,16.891,0.900,1.000,1.000,2.000,0.300,2.000,0.400,13.792
16,8,1,77.36,75.43,76.39500000000001,,14.752,14.496,0.900,0.300,1.000,1.000,0.300,2.000,1.000,11.397
17,1,2,77.365,71.39,74.3775,,22.044,10.000,0.200,0.300,2.500,1.000,1.000,2.000,1.000,5.000
18,2,3,38.81,36.6,37.705,,19.390,10.000,0.200,0.300,2.500,2.000,0.300,1.000,1.000,7.654
19,3,4,72.92,85.86,79.39,,5.000,25.298,0.200,0.300,2.500,1.000,0.300,1.000,1.000,5.000
20,4,5,78.025,69.35,73.6875,,5.000,15.197,0.900,0.300,2.500,2.000,1.000,1.000,1.000,5.000
21,5,6,69.215,39.555,54.385000000000005,,5.000,10.000,0.200,1.000,1.000,1.000,1.000,2.000,0.400,20.000
22,6,7,35.29,82.06,58.675,,5.000,60.000,0.900,1.000,1.000,2.000,0.300,2.000,0.400,20.000
23,7,8,59.715,28.4,44.057500000000005,,25.000,25.082,0.900,0.300,1.000,2.000,0.300,2.000,0.400,20.000
24,8,1,60.44,60.245000000000005,60.3425,,25.000,25.296,0.900,0.514,1.000,2.000,0.300,1.786,0.400,20.000
25,1,2,38.115,38.115,38.115,,25.000,25.296,0.900,0.514,1.000,2.000,0.300,1.786,0.400,20.000
26,2,3,20.96,29.455,25.2075,,25.000,16.195,0.900,1.000,1.000,2.000,1.000,1.000,1.000,20.000
27,3,4,63.845,63.0,63.4225,,25.000,15.302,0.200,0.300,1.000,2.000,1.000,1.000,0.400,19.106
28,4,5,62.535,61.045,61.79,,23.443,13.745,0.900,1.000,1.000,2.000,1.000,1.000,0.400,17.549
29,5,6,27.8,61.515,44.6575,,5.000,48.547,0.900,1.000,1.000,2.000,0.300,1.000,0.400,20.000
30,6,7,51.565,51.565,51.565,,5.000,48.547,0.900,1.000,1.000,2.000,0.300,1.000,0.400,20.000
31,7,8,59.47,59.715,59.5925,,5.247,48.795,0.653,0.753,1.000,1.753,0.547,1.000,0.400,19.753
32,8,1,58.155,59.63,58.8925,,6.718,50.265,0.900,0.300,1.000,1.000,1.000,2.000,0.400,20.000
33,1,2,72.675,70.25,71.4625,,5.000,47.874,0.900,0.300,1.000,2.000,1.000,2.000,0.400,20.000
34,2,3,74.53999999999999,34.53,54.535,,25.000,10.000,0.900,0.300,2.500,1.000,1.000,1.000,1.000,20.000
35,3,4,73.38499999999999,69.93,71.6575,,25.000,10.000,0.200,0.300,1.000,2.000,0.300,2.000,1.000,20.000
36,4,5,60.16,63.614999999999995,61.887499999999996,,25.000,13.300,0.900,1.000,2.500,1.000,0.300,2.000,0.400,20.000
37,5,6,66.60499999999999,68.025,67.315,,23.657,14.643,0.900,0.300,2.500,1.000,1.000,2.000,1.000,20.000
38,6,7,65.61,0.0,32.805,,5.000,10.000,0.900,0.300,2.500,2.000,1.000,1.000,0.400,5.000
39,7,8,68.845,66.4,67.6225,,5.000,10.000,0.900,1.000,1.000,1.000,0.300,1.000,0.400,7.267
40,8,1,71.78999999999999,73.185,72.4875,,6.281,10.000,0.900,0.300,2.281,2.000,1.000,2.000,1.000,5.986
41,1,2,77.31,67.995,72.6525,,14.754,10.000,0.200,1.000,1.000,1.000,1.000,1.000,1.000,5.000
42,2,3,79.41,72.455,75.9325,,8.486,16.268,0.200,1.000,2.500,2.000,1.000,2.000,1.000,5.000
43,3,4,69.725,71.41,70.5675,,9.991,14.763,0.200,0.300,1.000,1.000,0.300,2.000,1.000,5.000
44,4,5,78.065,71.465,74.765,,15.832,20.605,0.200,0.300,1.000,1.000,0.300,2.000,1.000,10.842
45,5,6,58.375,36.5,47.4375,,25.000,10.000,0.900,1.000,2.500,2.000,0.300,1.000,0.400,20.000
46,6,7,37.135,27.295,32.215,,25.000,10.000,0.900,1.000,2.500,2.000,0.300,2.000,1.000,11.441
47,7,8,50.22,22.925,36.5725,,5.000,33.542,0.900,0.300,2.500,2.000,0.300,2.000,1.000,5.000
48,8,1,38.83,69.63,54.23,,5.000,59.886,0.900,0.300,2.500,2.000,1.000,2.000,0.400,20.000
49,1,2,67.595,35.79,51.692499999999995,,5.000,32.904,0.200,1.000,2.500,2.000,0.300,2.000,1.000,5.000
50,2,3,69.945,75.49000000000001,72.7175,,9.666,28.238,0.200,0.300,1.000,1.000,0.300,1.000,0.400,9.666
